,City,Country,Latitude,Longitude,Date,Description,Cloudiness (%),Humidity (%),Max Temp (F),Wind Speed (mph)
0,Bluff,NZ,-46.6,168.3333,1652635695,Clouds,16,86,37.8,7.54
1,Butaritari,KI,3.0707,172.7902,1652635734,Rain,3,77,80.55,8.43
2,Jamestown,US,42.097,-79.2353,1652635735,Clouds,75,64,76.95,8.05
3,Nouadhibou,MR,20.931,-17.0347,1652635735,Sand,100,54,80.58,18.41
4,Khatanga,RU,71.9667,102.5,1652635736,Clouds,100,94,31.8,5.82
5,Port Elizabeth,ZA,-33.918,25.5701,1652635736,Clear,0,87,66.49,9.22
6,Cape Town,ZA,-33.9258,18.4232,1652635505,Clear,0,75,63.91,5.75
7,Kaitangata,NZ,-46.2817,169.8464,1652635737,Clouds,11,94,41.86,3.11
8,Atuona,PF,-9.8,-139.0333,1652635737,Rain,14,78,78.04,18.61
9,Kahului,US,20.8947,-156.47,1652635737,Clouds,20,69,76.84,15.01
10,Kungurtug,RU,50.5994,97.5228,1652635738,Clear,10,42,48.34,1.7
11,Bethel,US,41.3712,-73.414,1652635738,Clouds,75,72,79.36,9.22
12,Bredasdorp,ZA,-34.5322,20.0403,1652635739,Clear,0,91,56.91,6.26
13,Mataura,NZ,-46.1927,168.8643,1652635739,Clouds,14,98,37.47,2.93
14,Busselton,AU,-33.65,115.3333,1652635739,Clouds,76,80,53.49,5.57
15,Banda Aceh,ID,5.5577,95.3222,1652635740,Clouds,57,82,81.88,12.28
16,Dunedin,NZ,-45.8742,170.5036,1652635504,Clouds,41,83,48.79,1.99
17,Saint-Philippe,RE,-21.3585,55.7679,1652635740,Clouds,36,79,71.19,10.07
18,Tabou,CI,4.423,-7.3528,1652635741,Clouds,100,79,82.63,7.83
19,East London,ZA,-33.0153,27.9116,1652635741,Clear,0,88,65.34,5.75
20,Uglovoye,UA,44.8215,33.6045,1652635742,Clear,2,80,61.02,7.49
21,Rikitea,PF,-23.1203,-134.9692,1652635742,Clouds,100,70,77.09,16.98
22,Lagos,NG,6.5833,3.75,1652635517,Clouds,90,70,89.92,8.08
23,Punta Alta,AR,-38.8759,-62.0736,1652635743,Clouds,83,67,54.97,22.21
24,Provideniya,RU,64.3833,-173.3,1652635743,Clouds,51,74,35.19,8.41
25,Ushuaia,AR,-54.8,-68.3,1652635743,Clouds,20,66,46.06,3.44
26,Barrow,US,71.2906,-156.7887,1652635744,Clear,0,86,21.22,5.75
27,Hobart,AU,-42.8794,147.3294,1652635481,Rain,50,73,52.27,14.97
28,Sur,OM,22.5667,59.5289,1652635744,Clear,0,59,84.74,8.08
29,Takoradze,GH,4.8845,-1.7554,1652635745,Clouds,30,73,83.26,8.48
30,Punta Arenas,CL,-53.15,-70.9167,1652635694,Clear,0,76,44.71,14.97
31,Vila,PT,42.0304,-8.1588,1652635512,Clouds,97,73,55.71,11.83
32,Hilo,US,19.7297,-155.09,1652635745,Rain,100,91,75.27,9.22
33,Namatanai,PG,-3.6667,152.4333,1652635746,Clouds,100,79,78.84,2.77
34,Saint-Pierre,RE,-21.3393,55.4781,1652635746,Clear,0,73,71.91,8.05
35,Lüderitz,NA,-26.6481,15.1594,1652635746,Clouds,33,39,68.85,6.35
36,Lebu,CL,-37.6167,-73.65,1652635747,Clouds,100,44,57.51,2.91
37,George Town,MY,5.4112,100.3354,1652635747,Rain,20,89,82.33,2.3
38,Kavaratti,IN,10.5669,72.642,1652635748,Clouds,100,85,80.51,16.64
39,Albany,US,42.6001,-73.9662,1652635720,Clouds,82,71,79.95,4.25
40,Necochea,AR,-38.5473,-58.7368,1652635748,Clouds,100,77,54.09,23.91
41,Hithadhoo,MV,-0.6,73.0833,1652635749,Clouds,87,70,83.73,10.51
42,Tezu,IN,27.9167,96.1667,1652635749,Clouds,100,98,71.35,3.87
43,Yellowknife,CA,62.456,-114.3525,1652635632,Clouds,75,49,48.72,15.01
44,Maunabo,PR,18.0072,-65.8993,1652635755,Clouds,26,76,87.66,12.06
45,Saskylakh,RU,71.9167,114.0833,1652635755,Snow,100,99,33.55,6.49
46,Puerto Ayora,EC,-0.7393,-90.3518,1652635756,Clouds,58,89,84.16,4.0
47,Flin Flon,CA,54.7682,-101.865,1652635756,Clouds,100,70,39.04,13.8
48,Coahuayana Viejo,MX,18.7333,-103.6833,1652635756,Clouds,71,34,91.33,6.87
49,Kapaa,US,22.0752,-159.319,1652635757,Clouds,75,91,75.52,13.8
50,Bambous Virieux,MU,-20.3428,57.7575,1652635757,Rain,40,94,73.65,5.75
51,Ust'-Kan,RU,50.9276,84.761,1652635758,Clouds,100,79,50.65,5.14
52,Yiyang,CN,28.5892,112.3283,1652635758,Clouds,94,91,54.45,3.62
53,Vaini,TO,-21.2,-175.2,1652635758,Clouds,20,83,68.16,5.75
54,Taoudenni,ML,22.6783,-3.9836,1652635759,Clouds,40,4,104.54,23.04
55,Hong Kong,HK,22.2855,114.1577,1652635759,Clouds,100,89,71.65,15.01
56,Vicksburg,US,32.3526,-90.8779,1652635760,Clear,0,58,89.28,4.61
57,Vestmannaeyjar,IS,63.4427,-20.2734,1652635760,Clouds,100,93,49.19,12.66
58,Huercal Overa,ES,37.389,-1.9454,1652635760,Clouds,91,45,83.23,3.83
59,Ribeira Grande,PT,38.5167,-28.7,1652635761,Rain,75,88,61.2,19.57
60,Alofi,NU,-19.0595,-169.9187,1652635761,Clouds,100,94,62.49,0.0
61,Saint Paul Harbor,US,57.79,-152.4072,1652635762,Clear,0,43,49.51,6.91
62,Nikolskoye,RU,59.7035,30.7861,1652635762,Clouds,78,66,52.88,8.43
63,Shache,CN,38.4167,77.2406,1652635763,Clouds,100,45,67.23,21.12
64,Ancud,CL,-41.8697,-73.8203,1652635763,Clouds,72,63,53.42,9.86
65,Hermanus,ZA,-34.4187,19.2345,1652635763,Clear,0,66,62.8,9.62
66,Itaituba,BR,-4.2761,-55.9836,1652635764,Rain,75,70,89.76,5.75
67,San Ramon,US,37.7799,-121.978,1652635627,Clear,0,69,77.52,13.8
68,Chokurdakh,RU,70.6333,147.9167,1652635764,Clouds,68,97,4.64,5.26
69,Mnogovershinnyy,RU,53.9353,139.9242,1652635765,Snow,100,96,29.21,8.12
70,Along,IN,28.1667,94.7667,1652635765,Clouds,98,98,71.56,0.94
71,Airai,TL,-8.9266,125.4092,1652635766,Clouds,84,96,60.4,1.74
72,Geraldton,AU,-28.7667,114.6,1652635766,Clear,4,87,54.01,8.05
73,Tomohon,ID,1.3346,124.8392,1652635766,Clouds,99,90,68.94,2.28
74,Port Alfred,ZA,-33.5906,26.891,1652635767,Clouds,28,89,63.18,11.95
75,Uvinza,TZ,-5.1036,30.3911,1652635767,Clouds,97,79,71.4,2.68
76,Aquidauana,BR,-20.4711,-55.7872,1652635768,Clouds,90,71,77.34,5.1
77,Ōhara,JP,35.25,140.3833,1652635768,Rain,100,87,62.29,1.28
78,Arraial do Cabo,BR,-22.9661,-42.0278,1652635768,Rain,75,69,78.66,12.66
79,Longyearbyen,SJ,78.2186,15.6401,1652635769,Clouds,75,69,30.04,3.44
80,Monrovia,LR,6.3005,-10.7969,1652635769,Rain,95,77,82.92,8.12
81,Tiksi,RU,71.6872,128.8694,1652635770,Clouds,79,100,0.93,2.8
82,Kruisfontein,ZA,-34.0033,24.7314,1652635770,Clear,1,86,63.88,5.55
83,Honiara,SB,-9.4333,159.95,1652635771,Clouds,25,87,76.68,3.51
84,New Norfolk,AU,-42.7826,147.0587,1652635771,Rain,63,76,51.93,1.99
85,Vila Franca do Campo,PT,37.7167,-25.4333,1652635771,Clouds,99,73,68.2,17.94
86,Mahajanga,MG,-15.7167,46.3167,1652635772,Clouds,20,78,77.02,4.61
87,Los Llanos de Aridane,ES,28.6585,-17.9182,1652635772,Clouds,20,82,69.55,4.61
88,Worthing,GB,50.8145,-0.3713,1652635772,Clear,0,74,67.89,12.66
89,Deputatsky,RU,69.3,139.9,1652635778,Clouds,100,97,11.86,4.16
90,Havelock,US,34.8791,-76.9013,1652635778,Clouds,75,70,84.97,7.0
91,Washington,US,47.5001,-120.5015,1652635745,Clouds,100,76,54.19,2.55
92,Amatenango del Valle,MX,16.5167,-92.45,1652635779,Clouds,12,33,76.32,5.68
93,Ostrovnoy,RU,68.0531,39.5131,1652635779,Clouds,52,83,37.18,8.1
94,São João da Barra,BR,-21.6403,-41.0511,1652635780,Clouds,32,71,80.69,14.09
95,Kosh-Agach,RU,50.0,88.6667,1652635780,Clouds,100,37,53.56,2.21
96,Richards Bay,ZA,-28.783,32.0377,1652635781,Clouds,31,83,67.59,0.58
97,Jacareacanga,BR,-6.2222,-57.7528,1652635781,Clouds,89,68,86.85,4.41
98,Talnakh,RU,69.4865,88.3972,1652635781,Clouds,100,98,36.73,11.03
99,Tuktoyaktuk,CA,69.4541,-133.0374,1652635782,Snow,100,93,28.4,12.66
100,Cidreira,BR,-30.1811,-50.2056,1652635782,Clouds,98,87,64.89,13.4
101,Rio Grande,BR,-32.035,-52.0986,1652635783,Clouds,100,75,60.91,18.59
102,Almaguer,CO,1.917,-76.8523,1652635783,Clouds,68,64,67.69,1.79
103,Kuandian,CN,40.7286,124.7847,1652635783,Clouds,31,87,43.32,4.16
104,Dingle,PH,10.9995,122.6711,1652635784,Rain,95,86,77.45,0.58
105,Franklin,US,39.9667,-83.0166,1652635621,Clouds,20,51,83.79,4.61
106,Nyurba,RU,63.2842,118.3319,1652635784,Clouds,88,80,33.64,4.68
107,Wolfhagen,DE,51.3261,9.1702,1652635785,Clear,0,35,73.35,6.91
108,Srandakan,ID,-7.9386,110.2506,1652635785,Clouds,75,85,79.18,1.57
109,Kirovgrad,RU,57.4297,60.0597,1652635786,Clouds,47,88,46.26,4.27
110,Toba,JP,34.4833,136.85,1652635786,Rain,100,85,59.0,4.52
111,Narsaq,GL,60.9167,-46.05,1652635787,Clouds,48,65,46.62,6.89
112,Dikson,RU,73.5069,80.5464,1652635787,Clouds,100,99,32.02,8.79
113,Norman Wells,CA,65.282,-126.8329,1652635787,Clouds,75,80,35.64,8.05
114,Beringovskiy,RU,63.05,179.3167,1652635788,Clouds,97,75,38.1,7.52
115,Castro,BR,-24.7911,-50.0119,1652635788,Clouds,100,94,58.46,6.76
116,Baruun-Urt,MN,46.6806,113.2792,1652635789,Clouds,86,39,49.41,2.19
117,Ponta do Sol,PT,32.6667,-17.1,1652635789,Clouds,54,69,76.71,8.08
118,Bengkulu,ID,-3.8004,102.2655,1652635790,Clouds,100,92,77.45,2.91
119,Mehamn,NO,71.0357,27.8492,1652635790,Clouds,81,85,39.11,9.57
120,Guapó,BR,-16.8306,-49.5319,1652635791,Clouds,16,27,88.18,7.72
121,Esperance,AU,-33.8667,121.9,1652635791,Clouds,99,69,51.64,6.22
122,Zhalantun,CN,48.0,122.7167,1652635791,Clouds,23,35,45.25,4.97
123,Aswān,EG,24.0934,32.907,1652635792,Clouds,38,16,99.7,13.8
124,Skibbereen,IE,51.55,-9.2667,1652635792,Clouds,94,92,57.11,14.76
125,Harbour Breton,CA,47.4833,-55.7983,1652635793,Clouds,73,67,47.75,3.69
126,Mar del Plata,AR,-38.0023,-57.5575,1652635608,Clouds,75,86,55.42,18.41
127,Guhāgar,IN,17.4842,73.1929,1652635793,Clouds,100,81,82.6,7.31
128,Fernie,CA,49.5,-115.0687,1652635794,Clouds,99,64,56.08,4.34
129,Atar,MR,20.5169,-13.0499,1652635794,Clouds,29,7,108.18,14.83
130,South Sioux City,US,42.4739,-96.4136,1652635799,Clouds,40,63,68.27,11.5
131,Luganville,VU,-15.5333,167.1667,1652635800,Clouds,97,80,77.49,10.11
132,Pokhara,NP,28.2333,83.9833,1652635800,Clouds,46,53,75.04,6.76
133,Viedma,AR,-40.8135,-62.9967,1652635801,Clouds,100,67,55.6,23.22
134,Dubbo,AU,-32.25,148.6167,1652635801,Clouds,75,93,50.13,3.44
135,Avarua,CK,-21.2078,-159.775,1652635802,Clouds,75,88,68.05,2.3
136,Santa Luzia,BR,-19.7697,-43.8514,1652635802,Clouds,75,64,74.3,4.61
137,Petaluma,US,38.2324,-122.6367,1652635744,Clear,0,70,77.18,9.22
138,Akivīdu,IN,16.6,81.3833,1652635803,Clouds,16,82,84.52,6.64
139,Klaksvík,FO,62.2266,-6.589,1652635803,Clouds,94,88,50.92,10.38
140,Asău,RO,46.4333,26.4,1652635804,Clouds,97,60,67.12,3.94
141,Teguise,ES,29.0605,-13.564,1652635805,Clouds,20,78,68.22,11.5
142,Kuminskiy,RU,58.6667,66.5667,1652635805,Clouds,93,82,50.49,5.59
143,Vertou,FR,47.1687,-1.4693,1652635806,Clear,0,53,76.98,11.5
144,Zelenoborskiy,RU,66.845,32.3622,1652635806,Clouds,100,72,43.97,1.28
145,Lincoln,US,40.8,-96.667,1652635717,Clouds,40,48,74.01,16.11
146,Bontang,ID,0.1333,117.5,1652635807,Clouds,47,80,81.34,3.56
147,Meulaboh,ID,4.1363,96.1285,1652635807,Clouds,100,89,74.77,9.17
148,Ibrā’,OM,22.6906,58.5334,1652635808,Clear,0,40,79.2,4.41
149,Severo-Kuril'sk,RU,50.6789,156.125,1652635808,Rain,100,98,36.25,15.26
150,Kieta,PG,-6.2167,155.6333,1652635809,Rain,95,83,78.94,1.21
151,Coquimbo,CL,-29.9533,-71.3436,1652635772,Clouds,100,76,56.93,6.91
152,Harrismith,ZA,-28.2728,29.1295,1652635809,Clear,2,93,48.22,4.54
153,Chapais,CA,49.7834,-74.8492,1652635810,Clouds,100,76,64.18,5.97
154,Husavik,IS,66.0449,-17.3389,1652635810,Clouds,80,72,52.21,0.69
155,Waverly,US,42.7392,-84.6208,1652635810,Clouds,20,39,80.76,10.36
156,Agirish,RU,61.9247,63.0231,1652635811,Clouds,71,83,46.35,5.17
157,Homer,US,59.6425,-151.5483,1652635811,Clear,0,60,47.77,8.05
158,Anzio,IT,41.4853,12.6179,1652635812,Clouds,99,48,78.01,7.09
159,Wonthaggi,AU,-38.6044,145.5913,1652635812,Clouds,44,67,56.82,19.95
160,Budakeszi,HU,47.5108,18.9272,1652635812,Clear,4,39,74.75,3.67
161,Sistranda,NO,63.7256,8.834,1652635813,Clouds,78,64,44.56,14.05
162,Price,US,39.5994,-110.8107,1652635813,Clear,0,16,76.12,3.44
163,Samarai,PG,-10.6167,150.6667,1652635814,Rain,7,81,79.54,6.31
164,Gigmoto,PH,13.7796,124.39,1652635814,Clouds,100,85,80.08,6.46
165,Eydhafushi,MV,5.1033,73.0708,1652635815,Clouds,100,77,83.14,19.3
166,Eyl,SO,7.9803,49.8164,1652635815,Clouds,59,75,83.26,21.5
167,Puerto Baquerizo Moreno,EC,-0.9,-89.6,1652635816,Clouds,40,69,79.79,16.11
168,Portland,US,45.5234,-122.6762,1652635652,Clouds,100,78,65.75,3.44
169,Thompson,CA,55.7435,-97.8558,1652635816,Drizzle,100,93,35.76,12.66
170,Hofn,IS,64.2539,-15.2082,1652635817,Clouds,96,88,47.26,2.1
171,Cabo San Lucas,MX,22.8909,-109.9124,1652635817,Clear,0,37,92.5,6.91
172,High Level,CA,58.5169,-117.136,1652635817,Clouds,20,62,55.51,0.0
173,Gizo Government Station,SB,-8.103,156.8419,1652635823,Clouds,14,74,81.97,3.71
174,Mulchén,CL,-37.7167,-72.2333,1652635823,Clouds,38,20,66.06,4.14
175,Karratha,AU,-20.7377,116.8463,1652635824,Clear,4,58,75.63,8.63
176,Duma,CN,34.7653,108.135,1652635824,Clouds,100,40,54.9,2.71
177,Palmares,BR,-8.6833,-35.5917,1652635824,Clouds,98,74,81.57,7.54
178,Cherskiy,RU,68.75,161.3,1652635825,Clouds,100,88,23.02,5.5
179,Fairbanks,US,64.8378,-147.7164,1652635616,Clouds,75,56,46.22,14.97
180,Gaoua,BF,10.2992,-3.2508,1652635825,Clouds,100,23,98.06,8.59
181,Quatre Cocos,MU,-20.2078,57.7625,1652635826,Clouds,30,80,73.51,7.99
182,Mercedes,AR,-34.6515,-59.4307,1652635826,Clear,0,28,59.79,17.09
183,Karacaköy,TR,41.4029,28.3834,1652635826,Clouds,44,82,69.64,5.48
184,Palmer,US,42.1584,-72.3287,1652635827,Clouds,75,63,80.24,6.91
185,Mahébourg,MU,-20.4081,57.7,1652635827,Clouds,40,94,73.69,5.75
186,Miepherkeim,TR,38.1419,41.0081,1652635828,Rain,81,87,68.29,5.37
187,Kandy,LK,7.2955,80.6356,1652635665,Rain,79,93,70.36,4.21
188,Esna,EG,25.2934,32.554,1652635828,Clouds,100,12,95.02,19.13
189,Lompoc,US,34.6391,-120.4579,1652635829,Clouds,75,89,76.57,4.61
190,Bārmer,IN,25.75,71.3833,1652635829,Clear,0,33,84.34,20.33
191,Burns Lake,CA,54.2331,-125.7533,1652635829,Clouds,99,58,49.42,5.7
192,Ginda,IN,30.6945,78.4932,1652635830,Clear,2,24,68.0,8.68
193,Faya,SA,18.3851,42.4509,1652635830,Clear,1,12,75.31,12.59
194,Roald,NO,62.5833,6.1333,1652635831,Clear,0,66,52.72,8.05
195,Lata,PT,40.1629,-8.3327,1652635538,Clouds,98,45,71.89,12.46
196,Udachny,RU,66.4167,112.4,1652635831,Clouds,100,93,37.45,5.14
197,Maliq,AL,40.7058,20.6997,1652635831,Rain,60,82,59.59,3.44
198,Comodoro Rivadavia,AR,-45.8667,-67.5,1652635553,Clear,0,54,53.46,3.44
199,Mackay,AU,-21.15,149.2,1652635832,Clear,1,86,67.68,6.73
200,Chui,UY,-33.6971,-53.4616,1652635832,Clouds,100,44,61.56,9.75
201,Ilulissat,GL,69.2167,-51.1,1652635833,Clear,4,43,26.62,5.75
202,Carutapera,BR,-1.195,-46.02,1652635833,Clouds,96,72,84.52,10.0
203,Ordu,TR,40.9086,37.6845,1652635834,Clouds,100,77,48.7,3.33
204,Mount Isa,AU,-20.7333,139.5,1652635711,Clear,0,72,62.37,5.75
205,San Patricio,US,28.017,-97.5169,1652635834,Clear,2,36,90.07,12.35
206,Souillac,MU,-20.5167,57.5167,1652635835,Rain,40,94,73.78,5.75
207,Kloulklubed,PW,7.0419,134.2556,1652635835,Clouds,21,74,73.9,3.02
208,Guerrero Negro,MX,27.9769,-114.0611,1652635835,Clouds,44,46,74.01,11.12
209,Fort Nelson,CA,58.8053,-122.7002,1652635545,Clouds,40,66,47.79,6.91
210,Cayenne,GF,4.9333,-52.3333,1652635836,Clouds,75,1,87.84,19.57
211,Sorrento,IT,40.626,14.3744,1652635817,Clear,0,74,75.78,2.3
212,Kavieng,PG,-2.5744,150.7967,1652635836,Clouds,100,73,81.01,4.59
213,Sosnovo-Ozerskoye,RU,52.5249,111.5418,1652635837,Clouds,34,48,42.84,4.03
214,Bartica,GY,6.4,-58.6167,1652635837,Clouds,100,90,88.12,4.47
215,Boguchany,RU,58.3814,97.4531,1652635838,Clouds,82,69,55.04,1.92
216,Ada,US,43.4166,-116.1262,1652635658,Clear,0,45,70.57,14.0
217,Padang,ID,-0.9492,100.3543,1652635838,Clouds,52,90,77.05,3.0
218,Maltahöhe,NA,-24.8333,16.9833,1652635839,Clear,0,21,67.08,7.65
219,Pamanukan,ID,-6.2842,107.8106,1652635839,Clouds,83,90,77.85,3.74
220,Hettstedt,DE,51.65,11.5,1652635839,Clear,4,70,60.91,5.37
221,Saint Anthony,US,45.0205,-93.218,1652635845,Clear,0,33,73.29,14.97
222,Clyde River,CA,70.4692,-68.5914,1652635845,Clouds,75,80,28.63,10.36
223,Sterling,US,39.0062,-77.4286,1652635846,Clouds,40,67,83.1,5.75
224,Victor Harbor,AU,-35.5667,138.6167,1652635558,Rain,50,85,57.0,15.41
225,Batagay-Alyta,RU,67.8006,130.4114,1652635848,Clouds,64,94,2.68,6.91
226,Burnie,AU,-41.0667,145.9167,1652635849,Rain,47,82,51.93,17.27
227,São Filipe,CV,14.8961,-24.4956,1652635849,Clouds,55,66,78.04,7.25
228,Wawa,NG,9.9022,4.4192,1652635850,Rain,50,63,83.1,4.18
229,Pacific Grove,US,36.6177,-121.9166,1652635850,Clouds,100,93,64.54,11.5
230,Menongue,AO,-14.6585,17.691,1652635850,Clouds,63,44,66.56,4.25
231,Altamira,BR,-3.2033,-52.2064,1652635851,Clouds,75,89,82.49,9.22
232,Mocuba,MZ,-16.8392,36.9856,1652635851,Clouds,46,97,65.46,3.62
233,Faanui,PF,-16.4833,-151.75,1652635852,Clouds,25,66,80.1,7.85
234,Carnarvon,AU,-24.8667,113.6333,1652635852,Clear,0,39,68.0,12.71
235,Tuatapere,NZ,-46.1333,167.6833,1652635852,Clear,7,83,43.83,4.85
236,Vanavara,RU,60.34,102.2797,1652635853,Clouds,65,66,50.81,2.84
237,Karak,JO,31.1667,35.75,1652635853,Clear,0,47,60.42,14.43
238,Leningradskiy,RU,69.3833,178.4167,1652635854,Clouds,99,92,17.44,4.5
239,Quito,EC,-0.2299,-78.5249,1652635583,Rain,73,62,63.55,3.44
240,Verkhnevilyuysk,RU,63.4453,120.3167,1652635854,Clouds,52,79,27.84,3.89
241,Takaka,NZ,-40.85,172.8,1652635855,Clouds,99,95,62.56,3.09
242,Elizabeth City,US,36.2946,-76.2511,1652635615,Clouds,75,70,82.0,6.91
243,Teruel,ES,40.6667,-0.6667,1652635855,Clouds,84,43,66.96,13.38
244,Dul'durga,RU,50.6761,113.5931,1652635856,Clouds,77,52,46.54,3.78
245,Formosa,AR,-26.1775,-58.1781,1652635856,Clouds,40,56,71.58,13.8
246,Okha,RU,53.5739,142.9478,1652635818,Clouds,100,93,34.43,13.65
247,Harindānga,IN,22.0383,88.3214,1652635857,Clouds,58,76,85.96,17.87
248,Katobu,ID,-4.9408,122.5276,1652635857,Clouds,31,91,75.69,3.51
249,Hammerfest,NO,70.6634,23.6821,1652635857,Rain,75,100,39.65,6.15
250,Upernavik,GL,72.7868,-56.1549,1652635858,Clear,9,70,22.14,4.97
251,Provincia di Cagliari,IT,39.245,9.0912,1652635858,Clear,0,65,75.29,13.8
252,Srednekolymsk,RU,67.45,153.6833,1652635859,Clouds,100,91,22.82,11.54
253,Ipixuna,BR,-1.7625,-48.8043,1652635859,Clouds,92,59,88.23,5.19
254,Rawson,AR,-43.3002,-65.1023,1652635859,Clouds,14,62,53.71,20.0
255,Ahipara,NZ,-35.1667,173.1667,1652635860,Clouds,97,88,64.45,11.32
256,Isangel,VU,-19.55,169.2667,1652635860,Clouds,40,80,74.57,11.36
257,Bathsheba,BB,13.2167,-59.5167,1652635861,Clouds,75,74,84.81,21.85
258,Port Hedland,AU,-20.3167,118.5667,1652635861,Clouds,75,50,77.05,6.91
259,La Ronge,CA,55.1001,-105.2842,1652635862,Clouds,100,70,41.25,13.8
260,Palau,PW,7.503,134.621,1652635862,Clouds,75,94,73.36,3.44
261,Vurnary,RU,55.4904,46.9648,1652635862,Clouds,75,84,46.4,3.69
262,Hamilton,US,39.1834,-84.5333,1652635596,Clear,0,53,84.07,3.44
263,Nanortalik,GL,60.1432,-45.2371,1652635863,Clouds,54,71,31.62,9.46
264,Nome,US,64.5011,-165.4064,1652635863,Clouds,100,93,34.16,11.5
265,Iranshahr,IR,27.2025,60.6848,1652635796,Clear,0,11,88.14,6.91
266,Doha,QA,25.2867,51.5333,1652635864,Clear,0,53,89.91,4.61
267,Kenai,US,60.5544,-151.2583,1652635651,Clear,0,52,48.02,4.61
268,Hirara,JP,24.8,125.2833,1652635869,Clouds,100,84,71.22,23.26
269,George Town,MY,5.4112,100.3354,1652635737,Rain,20,89,82.33,2.3
270,Coyhaique,CL,-45.5752,-72.0662,1652635870,Clear,0,81,45.21,5.75
271,Kalmunai,LK,7.4167,81.8167,1652635870,Clouds,78,75,81.01,5.82
272,Salalah,OM,17.0151,54.0924,1652635871,Clear,2,58,86.09,5.75
273,Liwale,TZ,-9.7667,37.9333,1652635871,Clouds,57,71,68.47,5.03
274,Pevek,RU,69.7008,170.3133,1652635872,Clouds,100,92,14.04,4.05
275,Hasaki,JP,35.7333,140.8333,1652635872,Rain,100,83,57.6,11.05
276,Korla,CN,41.7597,86.1469,1652635872,Clouds,95,21,73.67,5.57
277,Borogontsy,RU,62.6683,131.1683,1652635873,Clouds,100,76,31.1,6.71
278,Tautira,PF,-17.7333,-149.15,1652635873,Rain,26,77,79.74,14.67
279,Sim,RU,54.993,57.6982,1652635874,Clouds,45,91,47.19,3.71
280,Omboué,GA,-1.5746,9.2618,1652635874,Rain,80,90,78.46,6.02
281,Qaanaaq,GL,77.484,-69.3632,1652635874,Clouds,100,57,26.47,3.11
282,Aklavik,CA,68.2191,-135.0107,1652635875,Clouds,100,86,28.4,5.75
283,Den Helder,NL,52.9599,4.7593,1652635760,Clouds,100,78,71.98,15.99
284,Toora-Khem,RU,52.4675,96.11,1652635875,Clouds,77,41,51.94,2.06
285,Owando,CG,-0.4819,15.8999,1652635876,Rain,98,74,79.47,1.28
286,Mossamedes,AO,-15.1961,12.1522,1652635876,Clouds,40,83,68.63,13.8
287,Adré,TD,13.4667,22.2,1652635877,Rain,100,64,74.37,10.27
288,San José Iturbide,MX,21.0,-100.3833,1652635877,Clear,8,20,78.58,9.8
289,Varhaug,NO,58.6147,5.6457,1652635877,Clouds,99,80,57.85,15.68
290,Santa Isabel Rio Negro,BR,-0.4139,-65.0192,1652635878,Rain,100,78,85.62,4.59
291,Āsosa,ET,10.0667,34.5333,1652635878,Clouds,100,81,63.21,3.2
292,Otjimbingwe,NA,-22.35,16.1333,1652635879,Clear,0,19,74.05,6.22
293,Churapcha,RU,62.0025,132.4325,1652635879,Clouds,100,92,32.25,7.09
294,Chīrāla,IN,15.8167,80.35,1652635880,Clear,5,83,85.95,12.71
295,Suntar,RU,62.1444,117.6319,1652635880,Clouds,100,95,39.24,6.33
296,Albina,SR,5.5,-54.05,1652635880,Clouds,98,91,80.82,4.61
297,Ambon City,ID,-3.6954,128.1814,1652635881,Clouds,40,94,75.34,2.3
298,Kattivākkam,IN,13.2167,80.3167,1652635881,Clouds,74,84,84.07,15.97
299,Hastings,GB,50.8552,0.5729,1652635882,Clouds,98,80,65.17,9.82
300,Kirakira,SB,-10.4544,161.9205,1652635882,Clouds,89,85,78.13,5.68
301,Poum,NC,-20.2333,164.0167,1652635882,Clouds,45,73,76.08,17.58
302,Bocana,PH,10.0116,122.7217,1652635883,Clouds,66,81,78.66,2.1
303,Tasiilaq,GL,65.6145,-37.6368,1652635883,Snow,100,97,32.16,24.18
304,Kathmandu,NP,27.7167,85.3167,1652635608,Mist,75,94,71.82,2.3
305,Mazamari,PE,-11.3258,-74.5308,1652635884,Clouds,56,48,89.73,1.23
306,Khilok,RU,51.3674,110.4676,1652635884,Clouds,50,43,45.54,2.26
307,Raiwind,PK,31.2544,74.2178,1652635885,Clouds,91,7,98.71,1.77
308,San Cristobal,VE,7.7669,-72.225,1652635885,Clouds,99,50,84.38,7.78
309,Cap Malheureux,MU,-19.9842,57.6142,1652635885,Clouds,15,81,72.46,3.0
310,Kologriv,RU,58.8275,44.3178,1652635886,Clouds,99,97,44.04,4.12
311,Saint-François,FR,46.4154,3.9054,1652635886,Clouds,86,64,74.64,5.75
312,Yulara,AU,-25.2406,130.9889,1652635887,Clear,0,47,56.95,8.61
313,Krasnyye Baki,RU,57.131,45.1599,1652635887,Clouds,46,89,45.39,4.92
314,Şabyā,SA,17.1495,42.6254,1652635893,Clear,0,61,89.22,3.04
315,Abu Dhabi,AE,24.4667,54.3667,1652635686,Clear,0,76,82.51,8.05
316,Narasapuram,IN,16.45,81.6667,1652635893,Clear,8,85,84.11,6.62
317,Dutlwe,BW,-23.9833,23.9,1652635894,Clouds,24,26,70.32,6.29
318,Noumea,NC,-22.2763,166.4572,1652635894,Clouds,16,82,64.38,8.1
319,Codrington,AU,-38.2667,141.9667,1652635894,Clouds,34,87,48.24,13.4
320,Vieste,IT,41.8825,16.175,1652635895,Clear,6,72,69.01,1.5
321,Fortuna,US,40.5982,-124.1573,1652635895,Clouds,75,90,63.93,5.75
322,Pierre,US,44.3683,-100.351,1652635896,Clear,0,38,73.85,16.11
323,Dryden,CA,49.7833,-92.7503,1652635896,Clouds,100,71,48.49,13.8
324,Mitsamiouli,KM,-11.3847,43.2844,1652635896,Clouds,25,70,80.82,7.25
325,Tura,IN,25.5198,90.2201,1652635897,Clouds,68,95,72.63,3.27
326,Lucapa,AO,-8.4192,20.7447,1652635897,Clouds,39,48,72.16,4.38
327,San Quintín,MX,30.4833,-115.95,1652635898,Clear,5,55,71.82,10.74
328,Vágur,FO,61.4732,-6.8119,1652635898,Clouds,98,90,49.55,10.54
329,Pachino,IT,36.7186,15.0907,1652635899,Clouds,13,60,67.46,12.57
330,Kaka,TM,37.3482,59.6143,1652635899,Clear,0,28,73.29,4.92
331,Douentza,ML,14.9951,-2.9517,1652635900,Clouds,44,6,100.29,4.03
332,Voh,NC,-20.9667,164.7,1652635900,Clouds,38,87,68.81,4.92
333,Mawlaik,MM,23.6333,94.4167,1652635900,Clouds,76,93,74.89,0.78
334,Haines Junction,CA,60.7522,-137.5108,1652635901,Clouds,94,70,40.95,4.61
335,Carnot,CF,4.9409,15.8665,1652635901,Rain,93,94,72.03,3.13
336,Torbay,CA,47.6666,-52.7314,1652635902,Clouds,75,82,40.26,17.27
337,Arrondissement de Saint-Jean-de-Maurienne,FR,45.1667,6.5833,1652635902,Clouds,100,82,51.78,3.58
338,Accra,GH,5.556,-0.1969,1652635902,Clouds,20,74,86.41,10.36
339,Myitkyina,MM,25.3833,97.4,1652635903,Clouds,95,98,73.08,2.64
340,Río Gallegos,AR,-51.6226,-69.2181,1652635903,Clear,0,58,51.85,16.11
341,Egvekinot,RU,66.3167,-179.1667,1652635904,Clouds,97,90,28.65,4.88
342,Baghmara,IN,23.795,86.2085,1652635904,Clouds,100,47,91.2,10.13
343,Moerai,PF,-22.4333,-151.3333,1652635904,Clouds,100,74,79.45,11.32
344,Panshi,CN,42.9422,126.0561,1652635905,Clouds,100,75,46.56,3.83
345,Giyani,ZA,-23.3025,30.7187,1652635905,Clouds,72,85,65.21,8.43
346,Gazli,UZ,40.1333,63.45,1652635906,Clouds,57,23,77.4,9.26
347,Lichinga,MZ,-13.3128,35.2406,1652635906,Smoke,40,72,62.69,4.61
348,Krasnyy,RU,54.5678,31.4333,1652635906,Clouds,56,79,44.47,8.93
349,Tubualá,PA,9.5167,-79.0333,1652635907,Clouds,77,76,84.52,9.04
350,Ballina,AU,-28.8667,153.5667,1652635902,Clouds,18,95,70.79,5.17
351,Sinnamary,GF,5.3833,-52.95,1652635907,Rain,100,89,80.94,12.8
352,Porbandar,IN,21.6422,69.6093,1652635908,Clear,0,78,83.52,14.83
353,Kulhudhuffushi,MV,6.6221,73.07,1652635908,Clouds,100,82,81.63,22.17
354,Mairinque,BR,-23.5458,-47.1833,1652635909,Clouds,80,90,74.12,9.33
355,Tabuk,PH,17.4189,121.4443,1652635909,Clouds,100,88,76.98,0.31
356,Chernyshevskiy,RU,63.0128,112.4714,1652635910,Clouds,100,89,38.77,8.5
357,Yatou,CN,37.15,122.3833,1652635910,Clouds,11,82,52.74,10.33
358,Ayan,RU,56.45,138.1667,1652635911,Clouds,100,90,32.94,3.98
359,Mrakovo,RU,52.7161,56.6244,1652635916,Rain,87,96,49.8,4.56
360,Praia da Vitória,PT,38.7333,-27.0667,1652635916,Rain,40,94,59.76,27.11
361,Conneaut,US,41.9476,-80.5542,1652635917,Clouds,93,81,81.86,7.9
362,Delvāda,IN,20.7667,71.0333,1652635917,Clear,5,79,82.94,14.14
363,Byron Bay,AU,-28.65,153.6167,1652635918,Clouds,20,95,70.72,6.17
364,Great Falls,US,47.5002,-111.3008,1652635918,Clear,0,34,64.67,8.05
365,Derzhavīnsk,KZ,51.1,66.3167,1652635918,Clouds,97,70,59.97,6.91
366,Mauá,BR,-23.6678,-46.4614,1652635919,Clouds,71,63,77.07,13.53
367,Yangi Marg`ilon,UZ,40.4272,71.7189,1652635919,Clouds,72,77,63.32,0.0
368,Yumen,CN,40.2833,97.2,1652635920,Clouds,37,11,52.97,10.98
369,Bambanglipuro,ID,-7.95,110.2833,1652635920,Clouds,80,87,78.6,1.05
370,Katsuura,JP,35.1333,140.3,1652635920,Rain,100,85,62.85,5.5
371,Gualaquiza,EC,-3.4,-78.55,1652635921,Clouds,100,91,68.05,1.97
372,Cosalá,MX,24.4125,-106.6908,1652635921,Clouds,90,36,92.88,5.61
373,Shimoda,JP,34.6667,138.95,1652635922,Rain,100,85,58.1,5.46
374,Caracolí,CO,6.4119,-74.7606,1652635922,Clouds,40,51,87.62,4.76
375,Dariba,IN,24.95,74.1333,1652635923,Clear,2,17,89.64,15.93
376,Sri Aman,MY,1.2376,111.4621,1652635923,Rain,100,100,77.09,2.3
377,Saint George,US,37.1041,-113.5841,1652635910,Clear,0,12,86.79,1.01
378,Ponta Delgada,PT,37.7333,-25.6667,1652635923,Clouds,20,67,68.5,14.97
379,Glendive,US,47.1053,-104.7125,1652635924,Clear,0,33,68.7,14.0
380,Plettenberg Bay,ZA,-34.0527,23.3716,1652635924,Clear,0,81,61.16,3.65
381,Mayo,US,38.8876,-76.5119,1652635925,Clouds,100,88,80.13,5.99
382,Vysotsk,RU,60.6288,28.5705,1652635925,Clouds,80,81,44.92,6.08
383,Saldanha,ZA,-33.0117,17.9442,1652635926,Clear,0,70,60.85,11.52
384,Nemuro,JP,43.3236,145.575,1652635926,Clear,1,88,42.75,9.93
385,Manzhouli,CN,49.6,117.4333,1652635927,Clouds,37,37,48.96,5.23
386,Tambovka,RU,50.0969,128.0489,1652635927,Clouds,72,33,41.05,14.81
387,Kem',RU,64.9555,34.5793,1652635928,Rain,100,97,40.3,5.73
388,Krasnyy Yar,RU,46.5331,48.3456,1652635928,Clouds,54,46,67.93,7.38
389,San Felipe,VE,10.3399,-68.7425,1652635928,Clouds,97,35,96.12,6.29
390,Paracuru,BR,-3.41,-39.0306,1652635929,Clouds,97,78,84.11,12.17
391,Ulladulla,AU,-35.35,150.4667,1652635929,Clear,0,69,60.33,5.88
392,Dudinka,RU,69.4058,86.1778,1652635930,Clouds,100,100,32.63,5.3
393,Pisco,PE,-13.7,-76.2167,1652635930,Mist,100,82,64.45,5.75
394,Modāsa,IN,23.4667,73.3,1652635930,Clear,0,30,90.5,9.15
395,Tombouctou,ML,20.0,-3.0,1652635931,Clear,1,6,98.74,8.68
396,Itacarambi,BR,-15.1022,-44.0919,1652635931,Clouds,95,29,92.26,2.55
397,Ketchikan,US,55.3422,-131.6461,1652635720,Rain,100,93,46.38,3.0
398,Hay River,CA,60.8156,-115.7999,1652635932,Rain,75,54,51.78,16.11
399,Ulaangom,MN,49.9811,92.0667,1652635932,Clouds,85,20,58.93,3.09
400,Ranong,TH,9.9658,98.6348,1652635933,Clouds,88,86,80.87,7.47
401,Paungde,MM,18.4833,95.5,1652635933,Clouds,27,61,86.13,6.2
402,Pandan,PH,14.0453,124.1694,1652635933,Clouds,100,82,79.72,7.11
403,Cuencamé de Ceniceros,MX,24.8711,-103.6964,1652635939,Clear,2,14,87.67,12.77
404,Fayetteville,US,35.0527,-78.8784,1652635856,Clouds,20,56,87.49,11.5
405,Bilma,NE,18.6853,12.9164,1652635939,Clear,0,10,89.29,10.27
406,Olafsvik,IS,64.8945,-23.7142,1652635940,Clouds,100,94,46.78,14.43
407,Barra do Garças,BR,-15.89,-52.2567,1652635940,Clouds,40,36,93.78,0.0
408,Krasnogorodskoye,RU,56.8357,28.2822,1652635941,Clouds,97,55,49.89,10.51
409,Port Montt,CL,-41.4698,-72.9447,1652635941,Clear,0,71,54.43,2.3
410,Salinópolis,BR,-0.6136,-47.3561,1652635941,Clouds,84,75,84.06,12.97
411,Grindavik,IS,63.8424,-22.4338,1652635942,Clouds,100,93,55.35,21.85
412,Guarujá,BR,-23.9931,-46.2564,1652635906,Clouds,20,48,85.86,8.05
413,Sitka,US,57.0531,-135.33,1652635942,Clouds,100,76,46.29,10.36
414,Cockburn Town,TC,21.4612,-71.1419,1652635943,Clouds,77,78,79.48,19.06
415,Hella,NO,67.2,14.4333,1652635943,Rain,40,85,43.75,17.27
416,Sakakah,SA,29.9697,40.2064,1652635944,Clouds,52,11,98.17,10.42
417,Puerto Escondido,MX,15.85,-97.0667,1652635945,Clear,0,66,88.63,0.0
418,Kjøllefjord,NO,70.9457,27.3465,1652635945,Clouds,94,86,41.05,4.94
419,Yairipok,IN,24.6667,94.0667,1652635945,Clouds,97,92,68.29,1.23
420,Emerald,AU,-23.5333,148.1667,1652635676,Clouds,24,92,66.34,7.43
421,Changping,CN,40.2186,116.2197,1652635946,Clouds,31,20,51.44,6.98
422,Tankhoy,RU,51.5528,105.1306,1652635946,Clouds,24,55,48.81,5.53
423,Kentau,KZ,43.5206,68.5094,1652635947,Clouds,55,32,67.69,8.39
424,Aplahoué,BJ,6.9333,1.6833,1652635947,Clouds,79,64,83.95,10.38
425,Lagoa,PT,39.05,-27.9833,1652635947,Rain,95,82,58.23,17.4
426,Alizai,PK,33.5383,70.3462,1652635948,Clouds,81,15,86.47,7.43
427,Lábrea,BR,-7.2586,-64.7981,1652635948,Clouds,100,73,85.44,2.1
428,Iturama,BR,-19.7281,-50.1956,1652635949,Clouds,97,53,81.91,8.95
429,Linhares,BR,-19.3911,-40.0722,1652635949,Clouds,73,54,80.82,6.49
430,Prince Rupert,CA,54.3161,-130.3201,1652635950,Rain,100,84,47.89,17.27
431,Hambantota,LK,6.1241,81.1185,1652635950,Clouds,87,83,80.1,15.08
432,Kodīnar,IN,20.7903,70.7031,1652635950,Clear,1,79,83.21,13.71
433,Valladolid,ES,41.5833,-4.6667,1652635915,Clouds,92,46,71.89,16.04
434,Maragogi,BR,-9.0122,-35.2225,1652635951,Rain,88,75,81.73,7.27
435,Uetze,DE,52.4651,10.2047,1652635951,Clouds,15,38,71.98,6.6
436,Ukiah,US,39.1502,-123.2078,1652635952,Clear,0,60,77.43,10.36
437,Pangai,TO,-19.8,-174.35,1652635952,Clouds,20,53,75.31,9.22
438,Makakilo City,US,21.3469,-158.0858,1652635890,Clouds,40,73,75.18,5.75
439,Bandarbeyla,SO,9.4942,50.8122,1652635953,Clear,10,83,82.62,25.01
440,Caravelas,BR,-17.7125,-39.2481,1652636110,Clouds,67,55,79.57,7.4
441,Marsaxlokk,MT,35.8419,14.5431,1652636111,Clear,0,46,73.08,10.36
442,Sisimiut,GL,66.9395,-53.6735,1652636111,Clear,0,52,31.46,8.23
443,Golden,US,39.7555,-105.2211,1652636112,Clouds,54,35,73.26,7.0
444,Puerto Carreño,CO,6.189,-67.4859,1652636112,Clouds,80,49,92.53,3.85
445,Forbes,AU,-33.3833,148.0167,1652636112,Clear,8,91,54.91,2.62
446,Warman,CA,52.3168,-106.5679,1652636018,Clouds,20,41,59.09,6.91
447,Manaure,CO,11.7751,-72.4445,1652636113,Clouds,85,59,88.95,14.5
448,Khovd,MN,48.0056,91.6419,1652636113,Clouds,70,18,60.39,5.64
449,Quelimane,MZ,-17.8786,36.8883,1652636114,Clouds,20,78,71.55,2.3
450,San Jerónimo,PE,-11.9472,-75.2829,1652636114,Clouds,39,44,63.27,2.82
451,Itarema,BR,-2.9248,-39.9167,1652636115,Clouds,90,78,83.1,13.69
452,Berlevåg,NO,70.8578,29.0864,1652636115,Clouds,100,87,39.15,13.8
453,Soc Trang,VN,9.6033,105.98,1652636115,Clouds,62,82,82.17,5.03
454,Iqaluit,CA,63.7506,-68.5145,1652636116,Clouds,20,73,26.33,16.11
455,Belinsky,RU,52.9647,43.4165,1652636116,Clouds,82,91,46.62,7.52
456,Bumbuna,SL,9.05,-11.7333,1652636117,Clouds,51,51,91.38,5.41
457,Kiruna,SE,67.8557,20.2251,1652636117,Clouds,40,70,40.12,11.5
458,Coffs Harbour,AU,-30.3,153.1333,1652636117,Mist,100,94,67.96,1.14
459,Excelsior Springs,US,39.3392,-94.2261,1652636118,Clouds,40,93,69.58,6.91
460,Magadan,RU,59.5667,150.8,1652636118,Clouds,100,98,38.53,18.75
461,Mananara,MG,-16.1667,49.7667,1652636119,Clear,1,85,68.47,5.77
462,Bursa,TR,40.1667,29.0833,1652635955,Clear,1,75,66.24,1.01
463,Keelung,TW,25.1283,121.7419,1652636119,Clouds,100,92,65.57,16.55
464,Pechenga,RU,69.5259,31.1703,1652636120,Clouds,56,74,47.23,7.52
465,Rāvar,IR,31.2656,56.8055,1652636120,Clear,0,15,73.09,5.03
466,Granville,AU,-33.8333,151.0167,1652636120,Clouds,20,87,61.05,10.36
467,Lakes Entrance,AU,-37.8811,147.981,1652636121,Clouds,16,69,56.16,6.73
468,Bay Roberts,CA,47.5999,-53.2648,1652636121,Clouds,89,81,39.65,8.01
469,Tutóia,BR,-2.7619,-42.2744,1652636122,Clouds,84,70,84.7,10.92
470,Suba,PH,10.8438,121.0102,1652636122,Clouds,100,73,81.63,0.45
471,Tromsø,NO,69.6496,18.957,1652636122,Rain,75,81,39.38,9.22
472,Jalu,LY,29.0331,21.5482,1652636123,Clear,0,22,81.36,6.06
473,Bilibino,RU,68.0546,166.4372,1652636123,Clouds,98,93,20.01,4.92
474,Poronaysk,RU,49.2167,143.1167,1652636124,Clouds,95,89,42.15,19.35
475,Misratah,LY,32.3754,15.0925,1652636124,Clear,3,53,73.45,11.68
476,Safonovo,RU,55.15,33.2167,1652636124,Clouds,61,89,43.54,5.5
477,Pangody,RU,65.85,74.4859,1652636125,Clouds,46,84,41.74,9.1
478,Lima,PE,-12.0432,-77.0282,1652636081,Clouds,100,77,62.85,5.75
479,Khomutovo,RU,52.4658,104.4025,1652636125,Clouds,62,39,50.61,2.55
480,Barcelona,ES,41.3888,2.159,1652636106,Clear,0,58,81.14,9.22
481,Puerto Varas,CL,-41.3195,-72.9854,1652636126,Clear,0,71,53.82,2.3
482,Te Anau,NZ,-45.4167,167.7167,1652636126,Clear,10,90,43.72,0.67
483,Balyqshy,KZ,47.0667,51.8667,1652636127,Clouds,40,82,64.4,13.42
484,Gao,ML,16.6362,1.637,1652636127,Clouds,80,27,94.66,13.67
485,Vardø,NO,70.3705,31.1107,1652636127,Clouds,75,87,39.18,8.05
486,Beyneu,KZ,45.3167,55.2,1652636128,Clear,0,36,72.3,9.06
487,Auki,SB,-8.7676,160.7034,1652636128,Clouds,23,84,76.82,0.98
488,San Blas,MX,21.5167,-105.2667,1652636129,Clouds,32,48,96.69,8.39
489,Kambove,CD,-10.8764,26.5969,1652636129,Clear,2,73,59.4,4.0
490,Saint-Augustin,CA,51.226,-58.6502,1652636130,Clouds,80,54,46.17,10.11
491,Alghero,IT,40.5589,8.3181,1652636130,Clear,0,38,77.09,9.22
492,Lamu,KE,-2.2717,40.902,1652636130,Rain,100,80,73.62,14.65
493,Bagé,BR,-31.3314,-54.1069,1652636131,Clouds,100,72,60.58,12.66
494,Tibiri,NE,13.5627,7.0485,1652636131,Clouds,17,8,98.53,10.27
495,Vestmanna,FO,62.1564,-7.1664,1652636132,Clouds,100,87,49.12,4.61
496,Kismayo,SO,-0.3582,42.5454,1652636132,Clouds,57,80,80.11,11.39
497,Praia,CV,14.9215,-23.5087,1652635993,Clear,0,35,88.34,27.63
498,Touho,NC,-20.7833,165.2333,1652636132,Clouds,35,80,74.1,14.41
499,Maceió,BR,-9.6658,-35.7353,1652636133,Clouds,75,69,83.64,10.36
500,Krasnosel'kup,RU,65.7,82.4667,1652636134,Rain,100,91,52.86,7.54
501,Shellbrook,CA,53.2168,-106.4011,1652636135,Clear,3,50,54.63,12.35
502,Tsumeb,NA,-19.2333,17.7167,1652636135,Clear,6,26,68.05,9.46
503,Baisha,CN,26.5222,110.9311,1652636136,Clouds,100,99,52.99,3.51
504,Santa Maria,BR,-29.6842,-53.8069,1652635840,Clouds,100,88,61.9,3.44
505,Bud,US,39.447,-86.1758,1652636136,Clouds,23,58,85.68,1.03
506,Port Macquarie,AU,-31.4333,152.9167,1652635963,Clouds,95,93,65.89,4.83
507,Muli,MV,2.9167,73.5667,1652636137,Clouds,77,77,83.84,16.69
508,Nadym,RU,65.5333,72.5167,1652636137,Clouds,56,80,45.55,10.0
509,Kudahuvadhoo,MV,2.6708,72.8944,1652636138,Clouds,89,76,84.0,16.49
510,Simao,CN,22.7886,100.9748,1652636138,Clouds,44,78,67.28,1.97
511,Hīt,IQ,33.6416,42.8251,1652636138,Clear,10,15,91.26,11.41
512,Lanuvio,IT,41.6728,12.6976,1652636139,Clear,0,57,74.39,5.75
513,Flinders,AU,-34.5833,150.8552,1652636139,Clear,0,83,59.05,7.85
514,College,US,64.8569,-147.8028,1652636140,Clouds,75,55,45.59,14.97
515,Puerto del Rosario,ES,28.5004,-13.8627,1652636140,Clouds,20,68,73.15,12.66
516,Mina,MX,26.0011,-100.5299,1652636141,Clear,0,27,88.07,9.86
517,Longfeng,CN,46.55,125.1167,1652636141,Clouds,34,26,49.48,7.65
518,Benjamín Aceval,PY,-24.9667,-57.5667,1652636141,Clear,0,47,72.21,10.96
519,Banamba,ML,13.55,-7.45,1652636142,Clouds,51,5,101.21,8.08
520,Kerrobert,CA,51.9168,-109.1348,1652636142,Clouds,25,33,60.85,10.85
521,Bismarck,US,46.8083,-100.7837,1652636143,Clear,0,39,66.04,18.41
522,Zhezkazgan,KZ,47.8043,67.7144,1652636143,Clouds,95,35,68.77,6.11
523,Constitución,CL,-35.3333,-72.4167,1652636144,Clouds,75,45,64.0,5.97
524,Salta,AR,-24.7859,-65.4117,1652636144,Drizzle,100,92,55.99,9.22
525,Khasan,RU,42.4308,130.6434,1652636144,Clouds,93,63,49.77,4.59
526,Três Passos,BR,-27.4556,-53.9319,1652636145,Clouds,68,70,65.25,9.28
527,Ichnya,UA,50.8626,32.3942,1652636145,Rain,60,86,50.7,9.91
528,Tecolutla,MX,20.4833,-97.0167,1652636146,Clouds,72,58,89.46,11.21
529,Yinchuan,CN,38.4681,106.2731,1652636146,Clear,0,8,59.68,7.16
530,Dehlorān,IR,32.6941,47.2679,1652636147,Clear,1,12,94.57,7.4
531,Jiaozuo,CN,35.2397,113.2331,1652636147,Clouds,19,25,63.36,7.23
532,Sola,VU,-13.8833,167.55,1652636147,Clouds,95,72,80.82,17.05
533,Vargem Grande,BR,-3.5431,-43.9158,1652636148,Rain,98,70,85.71,4.23
534,Novoseleznëvo,RU,55.6821,69.2056,1652636148,Clouds,89,62,58.6,7.74
535,Bāneh,IR,35.9975,45.8853,1652636149,Clouds,36,51,61.16,6.02
536,Rognan,NO,67.0953,15.3878,1652636149,Rain,100,83,43.75,6.55
537,Shingū,JP,33.7333,135.9833,1652636150,Rain,100,90,57.27,2.73
538,Ixtapa,MX,20.7,-105.2,1652636150,Clear,0,65,79.83,8.05
539,Dukat,RU,62.55,155.55,1652636150,Clouds,100,99,30.85,3.91
540,Resistencia,AR,-27.4606,-58.9839,1652635946,Clouds,75,62,70.09,13.8
